{"cameraMode":{"drawMode":0,"name":"Shaded","section":"Shading Mode"},"sceneLighting":false,"audioPlay":false,"sceneViewState":{"m_AlwaysRefresh":false,"showFog":true,"showSkybox":false,"showFlares":true,"showImageEffects":true,"showParticleSystems":true,"showVisualEffectGraphs":true,"m_FxEnabled":true},"in2DMode":false,"pivot":{"x":0.32533442974090578,"y":1.7052197456359864,"z":-5.855557918548584},"rotation":{"x":-0.07431868463754654,"y":0.015552270226180554,"z":-0.0011441322276368738,"w":-0.9970600605010986},"size":1.9227805137634278,"orthographic":false}