{"cameraMode":{"drawMode":0,"name":"Shaded","section":"Shading Mode"},"sceneLighting":true,"audioPlay":false,"sceneViewState":{"m_AlwaysRefresh":false,"showFog":true,"showSkybox":true,"showFlares":true,"showImageEffects":true,"showParticleSystems":true,"showVisualEffectGraphs":true,"m_FxEnabled":true},"in2DMode":false,"pivot":{"x":-0.9497097134590149,"y":2.7420811653137209,"z":1.2153801918029786},"rotation":{"x":0.07243805378675461,"y":0.9257948398590088,"z":-0.23097778856754304,"w":0.2903398275375366},"size":0.21650634706020356,"orthographic":false}