{"cameraMode":{"drawMode":0,"name":"Shaded","section":"Shading Mode"},"sceneLighting":true,"audioPlay":false,"sceneViewState":{"m_AlwaysRefresh":false,"showFog":true,"showSkybox":true,"showFlares":true,"showImageEffects":true,"showParticleSystems":true,"showVisualEffectGraphs":true,"m_FxEnabled":true},"in2DMode":false,"pivot":{"x":-4.3953399658203129,"y":-4.203045845031738,"z":-17.548551559448243},"rotation":{"x":0.028496121987700464,"y":-0.9708288311958313,"z":0.1500157117843628,"w":0.18449071049690247},"size":12.12435531616211,"orthographic":false}